{"cameraMode":{"drawMode":0,"name":"Shaded","section":"Shading Mode"},"sceneLighting":true,"audioPlay":false,"sceneViewState":{"m_AlwaysRefresh":false,"showFog":true,"showSkybox":true,"showFlares":true,"showImageEffects":true,"showParticleSystems":true,"showVisualEffectGraphs":true,"m_FxEnabled":true},"in2DMode":false,"pivot":{"x":27.354732513427736,"y":4.029913902282715,"z":-6.1182098388671879},"rotation":{"x":0.031931597739458087,"y":0.9654834866523743,"z":-0.14326268434524537,"w":0.21519224345684052},"size":13.149999618530274,"orthographic":false}