{"cameraMode":{"drawMode":0,"name":"Shaded","section":"Shading Mode"},"sceneLighting":true,"audioPlay":false,"sceneViewState":{"m_AlwaysRefresh":false,"showFog":true,"showSkybox":true,"showFlares":true,"showImageEffects":true,"showParticleSystems":true,"showVisualEffectGraphs":true,"m_FxEnabled":true},"in2DMode":false,"pivot":{"x":8.728529930114746,"y":2.074826240539551,"z":12.484062194824219},"rotation":{"x":-0.019807789474725724,"y":-0.0064016603864729408,"z":0.00012565399811137468,"w":-0.999788761138916},"size":9.500367164611817,"orthographic":false}